text,label
the,ORG
General Assembly,ORG
General Assembly,ORG
Singapore,LOC
this,ORG
General Assembly,ORG
Singapore,LOC
Singapore,LOC
UN Charter,ORG
International,MISC
General Assembly,ORG
International,MISC
UN Charter,ORG
United Nations,ORG
united,ORG
united,ORG
Charter,ORG
united,ORG
International,MISC
you,PER
English,MISC
LMW,ORG
to be,ORG
Leong Mun Wai,PER
to be,ORG
to be,ORG
Copenhagen,LOC
London,LOC
Omicron,ORG
People,ORG
COVID,ORG
COVID,ORG
Jan,PER
to be,ORG
Singapore,LOC
SARS,ORG
